feature_name,number_of_seed_folds_selected,out_of_total_seed_folds
p20basepair.Hlgap.eVEraw,25,25
p20basepair.Hbond.energyraw,25,25
p19dimer.Hbond.energyraw,25,25
V279.xsgRNA.raw,25,25
p18dimer.Hbond.energyraw,25,25
V73.xsgRNA.raw,25,25
p19dimer.Hbond.stackingraw,25,25
V1110.xsgRNA.raw,25,25
sgRNA.tempsgRNA.raw,25,25
p19dimer.HLgap.eVEraw,25,25
p18basepair.Hbond.energyraw,25,25
p18trimer.Hbond.energyraw,25,25
V231.xsgRNA.raw,25,25
V303.xsgRNA.raw,25,25
V215.xsgRNA.raw,25,25
V67.xsgRNA.raw,25,25
p18trimer.Hbond.stackingraw,25,25
V305.xsgRNA.raw,25,25
V1109.xsgRNA.raw,25,25
V56.xsgRNA.raw,25,25
p17trimer.Hbond.stackingraw,25,25
sgRNA.gcsgRNA.raw,25,25
CCsgRNA.raw,25,25
V172sgRNA.raw,25,25
V257.xsgRNA.raw,25,25
V273.xsgRNA.raw,25,25
V72.xsgRNA.raw,25,25
p18dimer.Hbond.stackingraw,25,25
V80.xsgRNA.raw,25,25
V3878sgRNA.raw,25,25
V74.xsgRNA.raw,25,25
V44.x.xsgRNA.raw,25,25
V1026.xsgRNA.raw,25,25
p15dimer.Hbond.stackingraw,25,25
V296.xsgRNA.raw,25,25
p17monomer.HLgap.eVraw,25,25
GGsgRNA.raw,25,25
p13tetramer.Hbond.energyraw,25,25
V4299sgRNA.raw,25,25
V961.xsgRNA.raw,25,25
TsgRNA.raw,25,25
V1137.xsgRNA.raw,25,25
V244.xsgRNA.raw,25,25
V1140.xsgRNA.raw,25,25
V971.xsgRNA.raw,25,25
p20monomer.No.electronsraw,25,25
V255.xsgRNA.raw,25,25
p11tetramer.Hbond.energyraw,25,25
p18basepair.Hlgap.eVEraw,25,25
V30.xsgRNA.raw,25,25
V1153.xsgRNA.raw,25,25
p1trimer.Hbond.energyraw,25,25
V3669sgRNA.raw,25,25
V1079.xsgRNA.raw,25,25
V61.xsgRNA.raw,25,25
V150.xsgRNA.raw,25,25
p17basepair.Hbond.energyraw,25,25
V59.xsgRNA.raw,24,25
p18monomer.No.electronsraw,24,25
PAM.C0,24,25
V278.xsgRNA.raw,24,25
V55.xsgRNA.raw,24,25
V284.xsgRNA.raw,24,25
V145.xsgRNA.raw,24,25
p15tetramer.Hbond.stackingraw,24,25
p16trimer.Hbond.energyraw,24,25
V1024.xsgRNA.raw,24,25
V4189sgRNA.raw,24,25
p1tetramer.Hbond.energyraw,24,25
V243.xsgRNA.raw,24,25
V291.xsgRNA.raw,23,25
V254.xsgRNA.raw,23,25
p17dimer.Hbond.energyraw,23,25
V208.xsgRNA.raw,23,25
V124.xsgRNA.raw,23,25
p15dimer.HLgap.eVEraw,23,25
V981.xsgRNA.raw,23,25
V931.xsgRNA.raw,22,25
p16dimer.Hbond.stackingraw,22,25
p8monomer.HLgap.eVraw,22,25
V41.xsgRNA.raw,22,25
p11basepair.Hbond.energyraw,22,25
p15tetramer.Hbond.energyraw,22,25
V293.xsgRNA.raw,22,25
V4181sgRNA.raw,22,25
V1091.xsgRNA.raw,22,25
V234.xsgRNA.raw,22,25
p17tetramer.Hbond.energyraw,22,25
p19monomer.HLgap.eVraw,21,25
p16monomer.HLgap.eVraw,21,25
V195.xsgRNA.raw,21,25
V32.xsgRNA.raw,21,25
V4099sgRNA.raw,21,25
V4043sgRNA.raw,21,25
V3911sgRNA.raw,21,25
PAM.G0,21,25
p15trimer.Hbond.stackingraw,21,25
p15monomer.No.electronsraw,20,25
V1099.xsgRNA.raw,20,25
V1113.xsgRNA.raw,20,25
V514.ysgRNA.raw,20,25
V577.xsgRNA.raw,20,25
V39.xsgRNA.raw,20,25
p16tetramer.Hbond.stackingraw,20,25
p17trimer.Hbond.energyraw,20,25
V1150.xsgRNA.raw,20,25
V77.xsgRNA.raw,19,25
V1015.xsgRNA.raw,19,25
V258sgRNA.raw,19,25
p15dimer.Hbond.energyraw,19,25
p17tetramer.Hbond.stackingraw,19,25
V3409sgRNA.raw,19,25
p14tetramer.Hbond.energyraw,19,25
V1088.xsgRNA.raw,19,25
p18trimer.Hlgap.eVEraw,19,25
V274.xsgRNA.raw,18,25
V918.xsgRNA.raw,18,25
V159.xsgRNA.raw,18,25
V631.xsgRNA.raw,18,25
V3659sgRNA.raw,18,25
V239.xsgRNA.raw,18,25
V1985sgRNA.raw,18,25
V1119.xsgRNA.raw,17,25
p17monomer.No.electronsraw,17,25
p18monomer.HLgap.eVraw,17,25
p11trimer.Hbond.energyraw,17,25
V214.xsgRNA.raw,17,25
V264.xsgRNA.raw,17,25
V7.ysgRNA.raw,17,25
V294.xsgRNA.raw,17,25
p14trimer.Hbond.energyraw,17,25
V286.xsgRNA.raw,17,25
V272.xsgRNA.raw,16,25
V267.xsgRNA.raw,16,25
p16trimer.Hbond.stackingraw,16,25
p13dimer.HLgap.eVEraw,16,25
p15monomer.HLgap.eVraw,16,25
V1012.xsgRNA.raw,16,25
V4103sgRNA.raw,16,25
V999.xsgRNA.raw,16,25
V1023.xsgRNA.raw,16,25
p10monomer.HLgap.eVraw,15,25
V262.xsgRNA.raw,15,25
V839.xsgRNA.raw,15,25
p10monomer.No.electronsraw,15,25
V142.xsgRNA.raw,15,25
V575.xsgRNA.raw,15,25
V161.xsgRNA.raw,15,25
V42.xsgRNA.raw,15,25
V1014.xsgRNA.raw,15,25
V167.xsgRNA.raw,15,25
V1031.xsgRNA.raw,15,25
V4089sgRNA.raw,15,25
V299.xsgRNA.raw,15,25
p16dimer.Hbond.energyraw,15,25
p15trimer.Hbond.energyraw,15,25
V1062.xsgRNA.raw,15,25
V1143.xsgRNA.raw,15,25
V973.xsgRNA.raw,15,25
V1131.xsgRNA.raw,14,25
V1076.xsgRNA.raw,14,25
V854.xsgRNA.raw,14,25
V3895sgRNA.raw,14,25
p2trimer.Hbond.energyraw,14,25
V3438sgRNA.raw,14,25
p17dimer.Hbond.stackingraw,14,25
V3886sgRNA.raw,14,25
V297.xsgRNA.raw,14,25
p13dimer.Hbond.energyraw,14,25
V1149.xsgRNA.raw,14,25
p14tetramer.Hbond.stackingraw,14,25
V3425sgRNA.raw,14,25
V916.xsgRNA.raw,14,25
p14monomer.HLgap.eVraw,14,25
V662.xsgRNA.raw,13,25
V65.xsgRNA.raw,13,25
V3926sgRNA.raw,13,25
V853.xsgRNA.raw,13,25
V1107.xsgRNA.raw,13,25
V281.xsgRNA.raw,13,25
V737.xsgRNA.raw,13,25
V241.xsgRNA.raw,12,25
V2518sgRNA.raw,12,25
V3157sgRNA.raw,12,25
V51.xsgRNA.raw,12,25
V3585sgRNA.raw,12,25
p3trimer.Hbond.energyraw,12,25
p11basepair.Hlgap.eVEraw,12,25
p16monomer.No.electronsraw,12,25
p13trimer.Hbond.energyraw,12,25
V2299sgRNA.raw,12,25
p4dimer.Hbond.energyraw,12,25
V4312sgRNA.raw,12,25
V183.xsgRNA.raw,12,25
V2326sgRNA.raw,11,25
V220.xsgRNA.raw,11,25
V258.xsgRNA.raw,11,25
V17.x.xsgRNA.raw,11,25
V1053.xsgRNA.raw,11,25
V3762sgRNA.raw,11,25
V2551sgRNA.raw,11,25
V3741sgRNA.raw,11,25
V1048.xsgRNA.raw,11,25
V843.xsgRNA.raw,11,25
V2955sgRNA.raw,11,25
V830.ysgRNA.raw,11,25
V1144.xsgRNA.raw,11,25
p11monomer.HLgap.eVraw,11,25
V3906sgRNA.raw,11,25
p16trimer.Hlgap.eVEraw,11,25
V787.xsgRNA.raw,10,25
V3143sgRNA.raw,10,25
V235.xsgRNA.raw,10,25
V2951sgRNA.raw,10,25
p14trimer.Hbond.stackingraw,10,25
V833.xsgRNA.raw,10,25
V790.xsgRNA.raw,10,25
V69.xsgRNA.raw,10,25
V179.xsgRNA.raw,10,25
p10dimer.Hbond.energyraw,10,25
V4145sgRNA.raw,10,25
p12tetramer.Hlgap.eVEraw,10,25
V3413sgRNA.raw,10,25
V775.xsgRNA.raw,10,25
V211.xsgRNA.raw,10,25
p2tetramer.Hbond.energyraw,10,25
p12trimer.Hbond.energyraw,10,25
p9trimer.Hbond.stackingraw,10,25
V983.xsgRNA.raw,10,25
V199.xsgRNA.raw,10,25
V240.xsgRNA.raw,10,25
V726.xsgRNA.raw,9,25
V2210sgRNA.raw,9,25
V3807sgRNA.raw,9,25
V255.ysgRNA.raw,9,25
p1dimer.Hbond.stackingraw,9,25
V3742sgRNA.raw,9,25
V1036.xsgRNA.raw,9,25
V183.ysgRNA.raw,9,25
p9trimer.Hbond.energyraw,9,25
V1319sgRNA.raw,9,25
V3153sgRNA.raw,9,25
V2642sgRNA.raw,9,25
V4006sgRNA.raw,9,25
V54.xsgRNA.raw,9,25
V271.xsgRNA.raw,8,25
V2785sgRNA.raw,8,25
V2331sgRNA.raw,8,25
V376.xsgRNA.raw,8,25
V3101sgRNA.raw,8,25
V3623sgRNA.raw,8,25
V1774sgRNA.raw,8,25
V773.xsgRNA.raw,8,25
p14dimer.Hbond.stackingraw,8,25
V205.xsgRNA.raw,8,25
V518.xsgRNA.raw,8,25
V841.ysgRNA.raw,8,25
p16dimer.HLgap.eVEraw,8,25
V583.xsgRNA.raw,8,25
V3733sgRNA.raw,8,25
V3648sgRNA.raw,8,25
V282.xsgRNA.raw,8,25
V1008.xsgRNA.raw,8,25
p17trimer.Hlgap.eVEraw,8,25
V2435sgRNA.raw,8,25
p2dimer.HLgap.eVEraw,8,25
p16tetramer.Hbond.energyraw,8,25
p17basepair.Hlgap.eVEraw,8,25
V1883sgRNA.raw,8,25
p8trimer.Hbond.stackingraw,8,25
V4129sgRNA.raw,8,25
p4trimer.Hbond.energyraw,8,25
V871.xsgRNA.raw,8,25
V992.xsgRNA.raw,7,25
V4045sgRNA.raw,7,25
V995.xsgRNA.raw,7,25
V956.xsgRNA.raw,7,25
V2481sgRNA.raw,7,25
V1133.xsgRNA.raw,7,25
V125.xsgRNA.raw,7,25
V3789sgRNA.raw,7,25
V739.xsgRNA.raw,7,25
V265.xsgRNA.raw,7,25
V513.xsgRNA.raw,7,25
V209.xsgRNA.raw,7,25
V494.xsgRNA.raw,7,25
V3977sgRNA.raw,7,25
V4020sgRNA.raw,7,25
V2943sgRNA.raw,7,25
V823.xsgRNA.raw,7,25
V4347sgRNA.raw,7,25
V3935sgRNA.raw,7,25
p14dimer.Hbond.energyraw,7,25
V942.xsgRNA.raw,7,25
p19monomer.No.electronsraw,7,25
V2899sgRNA.raw,7,25
p13monomer.HLgap.eVraw,7,25
V57.xsgRNA.raw,7,25
V774.xsgRNA.raw,7,25
V3093sgRNA.raw,7,25
V85sgRNA.raw,7,25
V270.xsgRNA.raw,7,25
V1095.xsgRNA.raw,7,25
V79.xsgRNA.raw,6,25
V729.ysgRNA.raw,6,25
V4255sgRNA.raw,6,25
V198.xsgRNA.raw,6,25
V4342sgRNA.raw,6,25
V3197sgRNA.raw,6,25
V46.xsgRNA.raw,6,25
V445.xsgRNA.raw,6,25
V3673sgRNA.raw,6,25
V1493sgRNA.raw,6,25
V1117.xsgRNA.raw,6,25
p9monomer.No.electronsraw,6,25
V993.xsgRNA.raw,6,25
V1097.xsgRNA.raw,6,25
V3564sgRNA.raw,6,25
V1965sgRNA.raw,6,25
V37.xsgRNA.raw,6,25
V1080.xsgRNA.raw,6,25
p14dimer.HLgap.eVEraw,6,25
V2035sgRNA.raw,6,25
p9dimer.Hbond.energyraw,6,25
V3295sgRNA.raw,6,25
V1240sgRNA.raw,6,25
V62.xsgRNA.raw,6,25
V1034.ysgRNA.raw,6,25
V295.xsgRNA.raw,6,25
V2297sgRNA.raw,6,25
V912.xsgRNA.raw,6,25
p4basepair.Hbond.energyraw,6,25
V588.ysgRNA.raw,6,25
V65.ysgRNA.raw,6,25
V1173sgRNA.raw,6,25
V554.xsgRNA.raw,6,25
V76.xsgRNA.raw,6,25
V1115.xsgRNA.raw,6,25
V3321sgRNA.raw,6,25
V261.xsgRNA.raw,6,25
V2595sgRNA.raw,6,25
V1686sgRNA.raw,6,25
V275.xsgRNA.raw,6,25
V2683sgRNA.raw,6,25
V3030sgRNA.raw,6,25
V368.xsgRNA.raw,6,25
V75.xsgRNA.raw,5,25
V3787sgRNA.raw,5,25
p18dimer.HLgap.eVEraw,5,25
V1087.xsgRNA.raw,5,25
V34.xsgRNA.raw,5,25
V3990sgRNA.raw,5,25
V3412sgRNA.raw,5,25
V50.ysgRNA.raw,5,25
V639.xsgRNA.raw,5,25
V274sgRNA.raw,5,25
V849.xsgRNA.raw,5,25
p19basepair.Hbond.energyraw,5,25
V641.xsgRNA.raw,5,25
V2371sgRNA.raw,5,25
p19basepair.Hlgap.eVEraw,5,25
V236.xsgRNA.raw,5,25
V2963sgRNA.raw,5,25
V102.xsgRNA.raw,5,25
V685.ysgRNA.raw,5,25
V271.ysgRNA.raw,5,25
V121.ysgRNA.raw,5,25
V114.xsgRNA.raw,5,25
V2794sgRNA.raw,5,25
V1276sgRNA.raw,5,25
p3tetramer.Hbond.energyraw,5,25
V533.ysgRNA.raw,5,25
p8tetramer.Hbond.energyraw,5,25
p13tetramer.Hbond.stackingraw,5,25
V23.ysgRNA.raw,5,25
V1797sgRNA.raw,5,25
V929.xsgRNA.raw,5,25
V44.ysgRNA.raw,5,25
V769.xsgRNA.raw,5,25
V500.ysgRNA.raw,5,25
V3393sgRNA.raw,5,25
V52.xsgRNA.raw,5,25
V4118sgRNA.raw,5,25
p10basepair.Hbond.energyraw,5,25
V221.xsgRNA.raw,5,25
V4148sgRNA.raw,5,25
V1868sgRNA.raw,5,25
V23.x.xsgRNA.raw,5,25
V2774sgRNA.raw,5,25
V1078.xsgRNA.raw,5,25
V1046.xsgRNA.raw,5,25
V3661sgRNA.raw,5,25
V268.xsgRNA.raw,5,25
V481.xsgRNA.raw,5,25
V2120sgRNA.raw,5,25
V1063.xsgRNA.raw,5,25
V862.ysgRNA.raw,5,25
V364.xsgRNA.raw,5,25
p17dimer.HLgap.eVEraw,5,25
V1494sgRNA.raw,5,25
V70.x.xsgRNA.raw,5,25
V2294sgRNA.raw,5,25
V1665sgRNA.raw,5,25
V4072sgRNA.raw,5,25
V834.xsgRNA.raw,5,25
V3.ysgRNA.raw,5,25
p12trimer.Hbond.stackingraw,5,25
V28.xsgRNA.raw,5,25
V3422sgRNA.raw,5,25
p14basepair.Hbond.energyraw,5,25
V326.xsgRNA.raw,4,25
V179.ysgRNA.raw,4,25
V3512sgRNA.raw,4,25
V3366sgRNA.raw,4,25
V1199sgRNA.raw,4,25
V1488sgRNA.raw,4,25
V643.ysgRNA.raw,4,25
V1510sgRNA.raw,4,25
V2999sgRNA.raw,4,25
V64.ysgRNA.raw,4,25
V280.xsgRNA.raw,4,25
V1041.xsgRNA.raw,4,25
V847.xsgRNA.raw,4,25
V1043.xsgRNA.raw,4,25
V793.xsgRNA.raw,4,25
V5.xsgRNA.raw,4,25
V1970sgRNA.raw,4,25
V237.xsgRNA.raw,4,25
V108.xsgRNA.raw,4,25
V3892sgRNA.raw,4,25
V88.xsgRNA.raw,4,25
V97.xsgRNA.raw,4,25
V2554sgRNA.raw,4,25
V984.xsgRNA.raw,4,25
V1206sgRNA.raw,4,25
V230.xsgRNA.raw,4,25
V165.xsgRNA.raw,4,25
V3326sgRNA.raw,4,25
V3616sgRNA.raw,4,25
V4093sgRNA.raw,4,25
p7tetramer.Hbond.energyraw,4,25
V164.xsgRNA.raw,4,25
p9tetramer.Hbond.energyraw,4,25
p8monomer.No.electronsraw,4,25
V3404sgRNA.raw,4,25
V3330sgRNA.raw,4,25
V1121.xsgRNA.raw,4,25
V478.xsgRNA.raw,4,25
V190.xsgRNA.raw,4,25
V327.ysgRNA.raw,4,25
V2253sgRNA.raw,4,25
V441.xsgRNA.raw,4,25
V527.xsgRNA.raw,4,25
V3843sgRNA.raw,4,25
V1054.ysgRNA.raw,4,25
V10.y.ysgRNA.raw,4,25
V1094.xsgRNA.raw,4,25
V4349sgRNA.raw,4,25
V1469sgRNA.raw,4,25
p16basepair.Hbond.energyraw,4,25
p5monomer.HLgap.eVraw,4,25
V1021.xsgRNA.raw,4,25
V73.x.xsgRNA.raw,4,25
V2242sgRNA.raw,4,25
V134.ysgRNA.raw,4,25
V4291sgRNA.raw,4,25
V4242sgRNA.raw,4,25
p14monomer.No.electronsraw,4,25
V1793sgRNA.raw,4,25
V130.ysgRNA.raw,4,25
p2trimer.Hlgap.eVEraw,4,25
V3147sgRNA.raw,4,25
V643.xsgRNA.raw,4,25
V4.ysgRNA.raw,4,25
V3384sgRNA.raw,4,25
V4158sgRNA.raw,4,25
V4212sgRNA.raw,4,25
V492.ysgRNA.raw,4,25
V877.xsgRNA.raw,4,25
V618.ysgRNA.raw,4,25
V1449sgRNA.raw,4,25
V736.xsgRNA.raw,4,25
V4298sgRNA.raw,4,25
p8dimer.Hbond.energyraw,4,25
V4191sgRNA.raw,4,25
V247.xsgRNA.raw,4,25
V3500sgRNA.raw,4,25
V121.xsgRNA.raw,4,25
V848.xsgRNA.raw,4,25
V20.x.xsgRNA.raw,4,25
V277sgRNA.raw,4,25
V153.ysgRNA.raw,4,25
V900.xsgRNA.raw,3,25
V545.xsgRNA.raw,3,25
p16basepair.Hlgap.eVEraw,3,25
V98.xsgRNA.raw,3,25
V4253sgRNA.raw,3,25
V3889sgRNA.raw,3,25
V406.xsgRNA.raw,3,25
V304.xsgRNA.raw,3,25
V669.xsgRNA.raw,3,25
V633.xsgRNA.raw,3,25
V1472sgRNA.raw,3,25
V3318sgRNA.raw,3,25
p5monomer.No.electronsraw,3,25
V497.xsgRNA.raw,3,25
V130sgRNA.raw,3,25
p7trimer.Hbond.energyraw,3,25
p11trimer.Hbond.stackingraw,3,25
V2826sgRNA.raw,3,25
V831.xsgRNA.raw,3,25
V2327sgRNA.raw,3,25
V1972sgRNA.raw,3,25
V861.xsgRNA.raw,3,25
V71.xsgRNA.raw,3,25
V1127.xsgRNA.raw,3,25
V140.xsgRNA.raw,3,25
V781.xsgRNA.raw,3,25
V121sgRNA.raw,3,25
V22.x.xsgRNA.raw,3,25
V104.xsgRNA.raw,3,25
V13.y.ysgRNA.raw,3,25
V630.xsgRNA.raw,3,25
V940.xsgRNA.raw,3,25
V312.ysgRNA.raw,3,25
V3711sgRNA.raw,3,25
V3478sgRNA.raw,3,25
V439.ysgRNA.raw,3,25
V3275sgRNA.raw,3,25
V1066.xsgRNA.raw,3,25
V79.ysgRNA.raw,3,25
p8basepair.Hbond.energyraw,3,25
V928.xsgRNA.raw,3,25
V367.xsgRNA.raw,3,25
V1070.xsgRNA.raw,3,25
V559.xsgRNA.raw,3,25
V375.xsgRNA.raw,3,25
V1138.ysgRNA.raw,3,25
V818.xsgRNA.raw,3,25
V1247sgRNA.raw,3,25
V7.xsgRNA.raw,3,25
V2024sgRNA.raw,3,25
V188.xsgRNA.raw,3,25
V78.xsgRNA.raw,3,25
V1148.xsgRNA.raw,3,25
V283.xsgRNA.raw,3,25
V3920sgRNA.raw,3,25
p14basepair.Hlgap.eVEraw,3,25
V1704sgRNA.raw,3,25
p2trimer.Hbond.stackingraw,3,25
V4157sgRNA.raw,3,25
V204.xsgRNA.raw,3,25
V3062sgRNA.raw,3,25
V690.xsgRNA.raw,3,25
V21.xsgRNA.raw,3,25
V54.x.xsgRNA.raw,3,25
V404.xsgRNA.raw,3,25
V3681sgRNA.raw,3,25
V953.xsgRNA.raw,3,25
V47.ysgRNA.raw,3,25
V87.ysgRNA.raw,3,25
V3755sgRNA.raw,3,25
V68.xsgRNA.raw,3,25
V3839sgRNA.raw,3,25
V3264sgRNA.raw,3,25
V467.xsgRNA.raw,3,25
V262.ysgRNA.raw,3,25
p9monomer.HLgap.eVraw,3,25
V414.xsgRNA.raw,3,25
V428.xsgRNA.raw,3,25
V1651sgRNA.raw,3,25
V952.xsgRNA.raw,3,25
V229.ysgRNA.raw,3,25
V800.ysgRNA.raw,3,25
V1269sgRNA.raw,3,25
V814.xsgRNA.raw,3,25
V269.xsgRNA.raw,3,25
V160.xsgRNA.raw,3,25
V95.xsgRNA.raw,3,25
V250.xsgRNA.raw,3,25
V698.xsgRNA.raw,3,25
V865.xsgRNA.raw,3,25
V948.xsgRNA.raw,3,25
V109.xsgRNA.raw,3,25
p20monomer.HLgap.eVraw,3,25
V1358sgRNA.raw,3,25
V290.xsgRNA.raw,3,25
V1919sgRNA.raw,3,25
V2292sgRNA.raw,3,25
V528.xsgRNA.raw,3,25
V1305sgRNA.raw,3,25
V52.ysgRNA.raw,3,25
V658.ysgRNA.raw,3,25
V301.xsgRNA.raw,3,25
V3.x.xsgRNA.raw,3,25
V596.xsgRNA.raw,3,25
V3351sgRNA.raw,3,25
V9.x.xsgRNA.raw,3,25
V222.xsgRNA.raw,3,25
V3961sgRNA.raw,3,25
V1750sgRNA.raw,3,25
V3611sgRNA.raw,3,25
V885.xsgRNA.raw,3,25
V228.ysgRNA.raw,3,25
PAM.A0,3,25
V2073sgRNA.raw,3,25
V969.xsgRNA.raw,3,25
V1614sgRNA.raw,3,25
V391.xsgRNA.raw,3,25
V499.xsgRNA.raw,3,25
V252sgRNA.raw,3,25
V3828sgRNA.raw,3,25
V1733sgRNA.raw,3,25
V3968sgRNA.raw,3,25
V1125.xsgRNA.raw,3,25
V2083sgRNA.raw,3,25
V673.xsgRNA.raw,3,25
V233.xsgRNA.raw,3,25
V19.ysgRNA.raw,3,25
V3071sgRNA.raw,3,25
V1607sgRNA.raw,3,25
V3633sgRNA.raw,3,25
V491.xsgRNA.raw,3,25
V108.ysgRNA.raw,3,25
V2355sgRNA.raw,3,25
V1033.xsgRNA.raw,3,25
p2dimer.Hbond.energyraw,3,25
V825.xsgRNA.raw,3,25
V3556sgRNA.raw,3,25
V4231sgRNA.raw,3,25
V245.xsgRNA.raw,3,25
V1588sgRNA.raw,3,25
V4271sgRNA.raw,3,25
V268.ysgRNA.raw,3,25
V2117sgRNA.raw,3,25
V2786sgRNA.raw,3,25
V149.ysgRNA.raw,3,25
V184.xsgRNA.raw,3,25
V2456sgRNA.raw,3,25
p7basepair.Hbond.energyraw,3,25
V1398sgRNA.raw,3,25
V493.xsgRNA.raw,3,25
V253.xsgRNA.raw,3,25
V93.xsgRNA.raw,3,25
V774.ysgRNA.raw,3,25
V1126.xsgRNA.raw,3,25
V640.xsgRNA.raw,3,25
V887.xsgRNA.raw,2,25
V1577sgRNA.raw,2,25
V227.xsgRNA.raw,2,25
p12basepair.Hlgap.eVEraw,2,25
V3650sgRNA.raw,2,25
V332.xsgRNA.raw,2,25
V2908sgRNA.raw,2,25
V213.xsgRNA.raw,2,25
V83.xsgRNA.raw,2,25
V105.ysgRNA.raw,2,25
V695.xsgRNA.raw,2,25
V334.ysgRNA.raw,2,25
V28.x.xsgRNA.raw,2,25
V3065sgRNA.raw,2,25
V2303sgRNA.raw,2,25
V2417sgRNA.raw,2,25
V654.xsgRNA.raw,2,25
V113.ysgRNA.raw,2,25
V1960sgRNA.raw,2,25
V207.ysgRNA.raw,2,25
V1735sgRNA.raw,2,25
V697.xsgRNA.raw,2,25
V358.xsgRNA.raw,2,25
V3780sgRNA.raw,2,25
V3547sgRNA.raw,2,25
V960.xsgRNA.raw,2,25
V780.ysgRNA.raw,2,25
V102.ysgRNA.raw,2,25
V17.xsgRNA.raw,2,25
V874.xsgRNA.raw,2,25
V2127sgRNA.raw,2,25
V597.xsgRNA.raw,2,25
V299sgRNA.raw,2,25
V3392sgRNA.raw,2,25
V1159sgRNA.raw,2,25
V57.y.ysgRNA.raw,2,25
V1045.ysgRNA.raw,2,25
V55.x.xsgRNA.raw,2,25
V1278sgRNA.raw,2,25
V1195sgRNA.raw,2,25
V453.xsgRNA.raw,2,25
V4087sgRNA.raw,2,25
V50.xsgRNA.raw,2,25
V4179sgRNA.raw,2,25
V1920sgRNA.raw,2,25
V3756sgRNA.raw,2,25
p12basepair.Hbond.energyraw,2,25
V4151sgRNA.raw,2,25
V473.xsgRNA.raw,2,25
V919.xsgRNA.raw,2,25
V77.ysgRNA.raw,2,25
V61.ysgRNA.raw,2,25
V530.xsgRNA.raw,2,25
p15basepair.Hbond.energyraw,2,25
V767.xsgRNA.raw,2,25
V1071.xsgRNA.raw,2,25
V1001.ysgRNA.raw,2,25
V835.xsgRNA.raw,2,25
V202.ysgRNA.raw,2,25
V953.ysgRNA.raw,2,25
V4252sgRNA.raw,2,25
p8trimer.Hbond.energyraw,2,25
V2762sgRNA.raw,2,25
V728.xsgRNA.raw,2,25
V3960sgRNA.raw,2,25
V693.ysgRNA.raw,2,25
V38.xsgRNA.raw,2,25
V1007.ysgRNA.raw,2,25
V531.ysgRNA.raw,2,25
p7tetramer.Hbond.stackingraw,2,25
V506.ysgRNA.raw,2,25
V1006.xsgRNA.raw,2,25
V941.xsgRNA.raw,2,25
V1077.ysgRNA.raw,2,25
p8tetramer.Hbond.stackingraw,2,25
V412.xsgRNA.raw,2,25
V590.ysgRNA.raw,2,25
V3595sgRNA.raw,2,25
V58.ysgRNA.raw,2,25
V201.ysgRNA.raw,2,25
p15trimer.Hlgap.eVEraw,2,25
V194.ysgRNA.raw,2,25
V3637sgRNA.raw,2,25
V1452sgRNA.raw,2,25
V110.xsgRNA.raw,2,25
p5dimer.Hbond.energyraw,2,25
V144.ysgRNA.raw,2,25
V4280sgRNA.raw,2,25
V1236sgRNA.raw,2,25
V1038.xsgRNA.raw,2,25
V428.ysgRNA.raw,2,25
V617.xsgRNA.raw,2,25
V1621sgRNA.raw,2,25
V1064.xsgRNA.raw,2,25
V294sgRNA.raw,2,25
V2599sgRNA.raw,2,25
V263.xsgRNA.raw,2,25
V116.xsgRNA.raw,2,25
V49.ysgRNA.raw,2,25
V203.xsgRNA.raw,2,25
V302.xsgRNA.raw,2,25
V2607sgRNA.raw,2,25
V681.xsgRNA.raw,2,25
V86.ysgRNA.raw,2,25
V960.ysgRNA.raw,2,25
V3558sgRNA.raw,2,25
V4326sgRNA.raw,2,25
V109.ysgRNA.raw,2,25
V420.xsgRNA.raw,2,25
V182.ysgRNA.raw,2,25
V1480sgRNA.raw,2,25
V4345sgRNA.raw,2,25
V3879sgRNA.raw,2,25
V63.x.xsgRNA.raw,2,25
V146.xsgRNA.raw,2,25
p4tetramer.Hbond.energyraw,2,25
V3822sgRNA.raw,2,25
p9tetramer.Hbond.stackingraw,2,25
V2635sgRNA.raw,2,25
V604.xsgRNA.raw,2,25
V283.ysgRNA.raw,2,25
V2886sgRNA.raw,2,25
V3705sgRNA.raw,2,25
V259.xsgRNA.raw,2,25
p5basepair.Hbond.energyraw,2,25
V759.xsgRNA.raw,2,25
V20.ysgRNA.raw,2,25
V3907sgRNA.raw,2,25
V14.xsgRNA.raw,2,25
V210.xsgRNA.raw,2,25
V3750sgRNA.raw,2,25
V4055sgRNA.raw,2,25
V3225sgRNA.raw,2,25
V1076.ysgRNA.raw,2,25
V570.ysgRNA.raw,2,25
V98sgRNA.raw,2,25
p7dimer.Hbond.energyraw,2,25
V1051.xsgRNA.raw,2,25
V57.ysgRNA.raw,2,25
V128.xsgRNA.raw,2,25
V248sgRNA.raw,2,25
p1dimer.Hbond.energyraw,2,25
V86.xsgRNA.raw,2,25
V256.xsgRNA.raw,2,25
V3446sgRNA.raw,2,25
V947.xsgRNA.raw,2,25
V83.ysgRNA.raw,2,25
V1516sgRNA.raw,2,25
V19.xsgRNA.raw,2,25
V2557sgRNA.raw,2,25
V455.xsgRNA.raw,2,25
V1019.xsgRNA.raw,2,25
V3503sgRNA.raw,2,25
V395.xsgRNA.raw,2,25
V1135.xsgRNA.raw,2,25
p1monomer.HLgap.eVraw,2,25
V990.xsgRNA.raw,2,25
V3374sgRNA.raw,2,25
V75.x.xsgRNA.raw,2,25
V3467sgRNA.raw,2,25
V857.xsgRNA.raw,2,25
V1302sgRNA.raw,2,25
V1688sgRNA.raw,2,25
V1889sgRNA.raw,2,25
V1402sgRNA.raw,2,25
V3954sgRNA.raw,2,25
V1103.xsgRNA.raw,2,25
V809.xsgRNA.raw,2,25
V396.xsgRNA.raw,2,25
V3597sgRNA.raw,2,25
V356.xsgRNA.raw,2,25
V842.ysgRNA.raw,2,25
V1036.ysgRNA.raw,2,25
V661.xsgRNA.raw,2,25
V48.xsgRNA.raw,2,25
p4basepair.Hlgap.eVEraw,2,25
V895.ysgRNA.raw,2,25
V18.ysgRNA.raw,2,25
V124.ysgRNA.raw,2,25
V479.xsgRNA.raw,2,25
V1101.xsgRNA.raw,2,25
V68.y.ysgRNA.raw,2,25
V182.xsgRNA.raw,2,25
V146.ysgRNA.raw,2,25
V2019sgRNA.raw,2,25
V423.xsgRNA.raw,2,25
V277.ysgRNA.raw,2,25
V678.ysgRNA.raw,2,25
V1460sgRNA.raw,2,25
V3717sgRNA.raw,2,25
V2553sgRNA.raw,2,25
p7monomer.No.electronsraw,2,25
V1087.ysgRNA.raw,2,25
V409.xsgRNA.raw,2,25
V926.xsgRNA.raw,2,25
V812.xsgRNA.raw,2,25
V27.ysgRNA.raw,2,25
V266.ysgRNA.raw,2,25
V2113sgRNA.raw,2,25
V4285sgRNA.raw,2,25
V653.xsgRNA.raw,2,25
V300.xsgRNA.raw,2,25
V196.ysgRNA.raw,2,25
V1112.xsgRNA.raw,2,25
V3501sgRNA.raw,2,25
V285.xsgRNA.raw,2,25
V226.xsgRNA.raw,2,25
V1130.xsgRNA.raw,2,25
V185sgRNA.raw,2,25
V522.xsgRNA.raw,2,25
V3699sgRNA.raw,2,25
p13basepair.Hbond.energyraw,2,25
V569.xsgRNA.raw,2,25
V211sgRNA.raw,2,25
V693.xsgRNA.raw,2,25
V60.xsgRNA.raw,2,25
p12dimer.Hbond.energyraw,2,25
V148.ysgRNA.raw,2,25
V1986sgRNA.raw,2,25
V80.ysgRNA.raw,2,25
V92.xsgRNA.raw,2,25
V2381sgRNA.raw,2,25
V863.xsgRNA.raw,2,25
V1049.xsgRNA.raw,2,25
V184.ysgRNA.raw,2,25
V2369sgRNA.raw,2,25
V1272sgRNA.raw,2,25
V4267sgRNA.raw,2,25
V4.x.xsgRNA.raw,2,25
V524.xsgRNA.raw,2,25
V95.ysgRNA.raw,2,25
V66.ysgRNA.raw,2,25
V149sgRNA.raw,2,25
V2973sgRNA.raw,2,25
V870.xsgRNA.raw,2,25
V1018.xsgRNA.raw,2,25
V1047.xsgRNA.raw,2,25
V63.xsgRNA.raw,2,25
V985.xsgRNA.raw,2,25
V3672sgRNA.raw,2,25
V907.xsgRNA.raw,2,25
p3monomer.No.electronsraw,2,25
V55.ysgRNA.raw,2,25
V2584sgRNA.raw,2,25
V2645sgRNA.raw,2,25
V610.xsgRNA.raw,2,25
p10dimer.Hbond.stackingraw,2,25
V2314sgRNA.raw,2,25
V1814sgRNA.raw,2,25
V639.ysgRNA.raw,2,25
V1908sgRNA.raw,2,25
V1123.xsgRNA.raw,2,25
V368.ysgRNA.raw,2,25
V170.ysgRNA.raw,2,25
V59.x.xsgRNA.raw,2,25
V90.xsgRNA.raw,2,25
V3154sgRNA.raw,2,25
V344.xsgRNA.raw,2,25
p7dimer.Hbond.stackingraw,2,25
V631.ysgRNA.raw,2,25
V563.xsgRNA.raw,2,25
V246.xsgRNA.raw,2,25
V34.x.xsgRNA.raw,2,25
V481.ysgRNA.raw,2,25
V217.xsgRNA.raw,2,25
V3193sgRNA.raw,2,25
V2065sgRNA.raw,2,25
V607.xsgRNA.raw,2,25
V41.ysgRNA.raw,2,25
V2400sgRNA.raw,2,25
p4dimer.HLgap.eVEraw,2,25
V203.ysgRNA.raw,2,25
V332.ysgRNA.raw,2,25
V4182sgRNA.raw,2,25
p3dimer.Hbond.stackingraw,2,25
V4184sgRNA.raw,2,25
V2639sgRNA.raw,2,25
V2391sgRNA.raw,2,25
V732.ysgRNA.raw,2,25
p6trimer.Hbond.energyraw,2,25
V349.xsgRNA.raw,2,25
V228.xsgRNA.raw,2,25
V288.xsgRNA.raw,2,25
V1090.xsgRNA.raw,2,25
V1054.xsgRNA.raw,2,25
V617.ysgRNA.raw,2,25
V505.xsgRNA.raw,2,25
V287.xsgRNA.raw,2,25
V1118.xsgRNA.raw,2,25
V303sgRNA.raw,2,25
V4049sgRNA.raw,2,25
p12tetramer.Hbond.energyraw,2,25
V3536sgRNA.raw,2,25
V1898sgRNA.raw,2,25
V788.xsgRNA.raw,2,25
V712.ysgRNA.raw,2,25
V163.xsgRNA.raw,2,25
p1basepair.Hbond.energyraw,2,25
V1044.xsgRNA.raw,2,25
V131.xsgRNA.raw,2,25
V1586sgRNA.raw,2,25
V979.xsgRNA.raw,2,25
V2565sgRNA.raw,2,25
V3138sgRNA.raw,2,25
V2062sgRNA.raw,2,25
V4279sgRNA.raw,2,25
V3476sgRNA.raw,2,25
V927.xsgRNA.raw,2,25
V4306sgRNA.raw,2,25
V76.y.ysgRNA.raw,2,25
V2046sgRNA.raw,2,25
V805.xsgRNA.raw,2,25
V29.xsgRNA.raw,2,25
p2monomer.HLgap.eVraw,1,25
V2033sgRNA.raw,1,25
V880.xsgRNA.raw,1,25
V1093.xsgRNA.raw,1,25
V249.ysgRNA.raw,1,25
V413.xsgRNA.raw,1,25
V2453sgRNA.raw,1,25
V710.ysgRNA.raw,1,25
V117.xsgRNA.raw,1,25
V4.xsgRNA.raw,1,25
V644.xsgRNA.raw,1,25
V435.xsgRNA.raw,1,25
V3528sgRNA.raw,1,25
V1014.ysgRNA.raw,1,25
V1010.xsgRNA.raw,1,25
p8dimer.Hbond.stackingraw,1,25
V934.ysgRNA.raw,1,25
V552.xsgRNA.raw,1,25
V394.xsgRNA.raw,1,25
V3910sgRNA.raw,1,25
V4259sgRNA.raw,1,25
V2976sgRNA.raw,1,25
V60.ysgRNA.raw,1,25
V2269sgRNA.raw,1,25
V147.xsgRNA.raw,1,25
p4trimer.Hbond.stackingraw,1,25
V213.ysgRNA.raw,1,25
V201.xsgRNA.raw,1,25
V1134.xsgRNA.raw,1,25
V807.xsgRNA.raw,1,25
V3448sgRNA.raw,1,25
V1440sgRNA.raw,1,25
V862.xsgRNA.raw,1,25
V4134sgRNA.raw,1,25
V4225sgRNA.raw,1,25
V564.xsgRNA.raw,1,25
V1582sgRNA.raw,1,25
V3333sgRNA.raw,1,25
V13.xsgRNA.raw,1,25
V190.ysgRNA.raw,1,25
V689.xsgRNA.raw,1,25
V1324sgRNA.raw,1,25
V715.xsgRNA.raw,1,25
V813.ysgRNA.raw,1,25
V366.ysgRNA.raw,1,25
V962.ysgRNA.raw,1,25
V2724sgRNA.raw,1,25
V632.xsgRNA.raw,1,25
V671.xsgRNA.raw,1,25
V202sgRNA.raw,1,25
V92.ysgRNA.raw,1,25
V3231sgRNA.raw,1,25
V951.xsgRNA.raw,1,25
V2905sgRNA.raw,1,25
V3680sgRNA.raw,1,25
V1284sgRNA.raw,1,25
V4246sgRNA.raw,1,25
V192.xsgRNA.raw,1,25
V247.ysgRNA.raw,1,25
V1654sgRNA.raw,1,25
p6tetramer.Hbond.energyraw,1,25
V806.xsgRNA.raw,1,25
V34.ysgRNA.raw,1,25
V4119sgRNA.raw,1,25
V2517sgRNA.raw,1,25
V3725sgRNA.raw,1,25
V3734sgRNA.raw,1,25
V2358sgRNA.raw,1,25
V3951sgRNA.raw,1,25
V2529sgRNA.raw,1,25
V606.ysgRNA.raw,1,25
V100.xsgRNA.raw,1,25
V59.ysgRNA.raw,1,25
V1721sgRNA.raw,1,25
V3286sgRNA.raw,1,25
p7tetramer.Hlgap.eVEraw,1,25
V30.ysgRNA.raw,1,25
V1046.ysgRNA.raw,1,25
V1373sgRNA.raw,1,25
V3831sgRNA.raw,1,25
V531.xsgRNA.raw,1,25
V2638sgRNA.raw,1,25
V3706sgRNA.raw,1,25
V4194sgRNA.raw,1,25
V646.xsgRNA.raw,1,25
p4monomer.No.electronsraw,1,25
V297sgRNA.raw,1,25
V24.ysgRNA.raw,1,25
V250.ysgRNA.raw,1,25
V770.xsgRNA.raw,1,25
TTsgRNA.raw,1,25
V2524sgRNA.raw,1,25
V211.ysgRNA.raw,1,25
V333.ysgRNA.raw,1,25
V896.xsgRNA.raw,1,25
V1040.xsgRNA.raw,1,25
V3.xsgRNA.raw,1,25
V58.xsgRNA.raw,1,25
V3627sgRNA.raw,1,25
p1tetramer.Hbond.stackingraw,1,25
V1967sgRNA.raw,1,25
V487.xsgRNA.raw,1,25
V216.ysgRNA.raw,1,25
V2593sgRNA.raw,1,25
V525.ysgRNA.raw,1,25
V202.xsgRNA.raw,1,25
V214sgRNA.raw,1,25
V864.ysgRNA.raw,1,25
V802.xsgRNA.raw,1,25
V460.ysgRNA.raw,1,25
V1243sgRNA.raw,1,25
V892.xsgRNA.raw,1,25
V311.ysgRNA.raw,1,25
p12trimer.Hlgap.eVEraw,1,25
V71.ysgRNA.raw,1,25
V789.xsgRNA.raw,1,25
V77.x.xsgRNA.raw,1,25
V1262sgRNA.raw,1,25
V21.x.xsgRNA.raw,1,25
V339.xsgRNA.raw,1,25
V2226sgRNA.raw,1,25
V584.xsgRNA.raw,1,25
V281.ysgRNA.raw,1,25
V3655sgRNA.raw,1,25
V569.ysgRNA.raw,1,25
V129.xsgRNA.raw,1,25
V1753sgRNA.raw,1,25
V2353sgRNA.raw,1,25
V1059.xsgRNA.raw,1,25
V2173sgRNA.raw,1,25
V25.x.xsgRNA.raw,1,25
V3123sgRNA.raw,1,25
p3tetramer.Hbond.stackingraw,1,25
p5trimer.Hlgap.eVEraw,1,25
V3801sgRNA.raw,1,25
V471.xsgRNA.raw,1,25
V844.xsgRNA.raw,1,25
V1617sgRNA.raw,1,25
V1071.ysgRNA.raw,1,25
p2basepair.Hbond.energyraw,1,25
V593.ysgRNA.raw,1,25
V361.xsgRNA.raw,1,25
V3950sgRNA.raw,1,25
p11tetramer.Hbond.stackingraw,1,25
V4073sgRNA.raw,1,25
V6.x.xsgRNA.raw,1,25
V4320sgRNA.raw,1,25
V38.y.ysgRNA.raw,1,25
V17.ysgRNA.raw,1,25
V395.ysgRNA.raw,1,25
V797.xsgRNA.raw,1,25
V944.ysgRNA.raw,1,25
V448.ysgRNA.raw,1,25
V943.xsgRNA.raw,1,25
V4117sgRNA.raw,1,25
V2399sgRNA.raw,1,25
p5trimer.Hbond.energyraw,1,25
V1042.ysgRNA.raw,1,25
p9dimer.Hbond.stackingraw,1,25
p9trimer.Hlgap.eVEraw,1,25
V442.xsgRNA.raw,1,25
V817.xsgRNA.raw,1,25
V454.xsgRNA.raw,1,25
V3654sgRNA.raw,1,25
V777.ysgRNA.raw,1,25
V1561sgRNA.raw,1,25
V2950sgRNA.raw,1,25
V719.xsgRNA.raw,1,25
V3918sgRNA.raw,1,25
V18.xsgRNA.raw,1,25
V2123sgRNA.raw,1,25
V64.xsgRNA.raw,1,25
p10tetramer.Hbond.energyraw,1,25
V1092.ysgRNA.raw,1,25
V4235sgRNA.raw,1,25
V1293sgRNA.raw,1,25
V1697sgRNA.raw,1,25
V1734sgRNA.raw,1,25
V1053.ysgRNA.raw,1,25
p4tetramer.Hbond.stackingraw,1,25
V175.ysgRNA.raw,1,25
V3919sgRNA.raw,1,25
V3592sgRNA.raw,1,25
V248.xsgRNA.raw,1,25
p13monomer.No.electronsraw,1,25
V1129.xsgRNA.raw,1,25
V4107sgRNA.raw,1,25
p5basepair.Hlgap.eVEraw,1,25
V4244sgRNA.raw,1,25
V3456sgRNA.raw,1,25
V3289sgRNA.raw,1,25
V851.xsgRNA.raw,1,25
V537.xsgRNA.raw,1,25
V930.ysgRNA.raw,1,25
V11.x.xsgRNA.raw,1,25
V2644sgRNA.raw,1,25
V317.ysgRNA.raw,1,25
p14trimer.Hlgap.eVEraw,1,25
V4128sgRNA.raw,1,25
V935.xsgRNA.raw,1,25
V1009.xsgRNA.raw,1,25
V2204sgRNA.raw,1,25
V293.ysgRNA.raw,1,25
V3119sgRNA.raw,1,25
V308sgRNA.raw,1,25
V890.xsgRNA.raw,1,25
V53.xsgRNA.raw,1,25
V2143sgRNA.raw,1,25
V2746sgRNA.raw,1,25
p3dimer.HLgap.eVEraw,1,25
V2836sgRNA.raw,1,25
V4207sgRNA.raw,1,25
V143.ysgRNA.raw,1,25
V388.xsgRNA.raw,1,25
V2881sgRNA.raw,1,25
V302.ysgRNA.raw,1,25
V1491sgRNA.raw,1,25
V205.ysgRNA.raw,1,25
V1065.xsgRNA.raw,1,25
V2514sgRNA.raw,1,25
V338.xsgRNA.raw,1,25
V163.ysgRNA.raw,1,25
V534.xsgRNA.raw,1,25
V2221sgRNA.raw,1,25
V3737sgRNA.raw,1,25
V707.xsgRNA.raw,1,25
V1500sgRNA.raw,1,25
V25.ysgRNA.raw,1,25
V26.xsgRNA.raw,1,25
V2871sgRNA.raw,1,25
V659.xsgRNA.raw,1,25
V3336sgRNA.raw,1,25
V1694sgRNA.raw,1,25
V66.x.xsgRNA.raw,1,25
V804.xsgRNA.raw,1,25
V35.ysgRNA.raw,1,25
V3260sgRNA.raw,1,25
V519.xsgRNA.raw,1,25
V1952sgRNA.raw,1,25
V799.xsgRNA.raw,1,25
V141.xsgRNA.raw,1,25
V1959sgRNA.raw,1,25
V1800sgRNA.raw,1,25
V4013sgRNA.raw,1,25
V156.xsgRNA.raw,1,25
V1437sgRNA.raw,1,25
V576.xsgRNA.raw,1,25
V2172sgRNA.raw,1,25
V752.ysgRNA.raw,1,25
V1492sgRNA.raw,1,25
p1monomer.No.electronsraw,1,25
V3074sgRNA.raw,1,25
V291sgRNA.raw,1,25
V180.ysgRNA.raw,1,25
V2900sgRNA.raw,1,25
V3202sgRNA.raw,1,25
V3700sgRNA.raw,1,25
V1989sgRNA.raw,1,25
V306sgRNA.raw,1,25
V3414sgRNA.raw,1,25
V1193sgRNA.raw,1,25
V703.ysgRNA.raw,1,25
V19.x.xsgRNA.raw,1,25
V195.ysgRNA.raw,1,25
V680.xsgRNA.raw,1,25
V1385sgRNA.raw,1,25
V1115.ysgRNA.raw,1,25
V704.xsgRNA.raw,1,25
V44.xsgRNA.raw,1,25
V976.xsgRNA.raw,1,25
V488.xsgRNA.raw,1,25
V11.xsgRNA.raw,1,25
V3991sgRNA.raw,1,25
V1032.ysgRNA.raw,1,25
V2654sgRNA.raw,1,25
V532.ysgRNA.raw,1,25
V585.ysgRNA.raw,1,25
V137sgRNA.raw,1,25
V11.ysgRNA.raw,1,25
V63.ysgRNA.raw,1,25
V296.ysgRNA.raw,1,25
V3865sgRNA.raw,1,25
V1695sgRNA.raw,1,25
V798.xsgRNA.raw,1,25
V1498sgRNA.raw,1,25
V3653sgRNA.raw,1,25
V436.xsgRNA.raw,1,25
V3094sgRNA.raw,1,25
V4051sgRNA.raw,1,25
V726.ysgRNA.raw,1,25
V4054sgRNA.raw,1,25
V3605sgRNA.raw,1,25
V878.ysgRNA.raw,1,25
V1633sgRNA.raw,1,25
V672.xsgRNA.raw,1,25
V277.xsgRNA.raw,1,25
V331.xsgRNA.raw,1,25
V433.ysgRNA.raw,1,25
V899.xsgRNA.raw,1,25
V761.ysgRNA.raw,1,25
V730.ysgRNA.raw,1,25
V3664sgRNA.raw,1,25
V3588sgRNA.raw,1,25
V3820sgRNA.raw,1,25
V4004sgRNA.raw,1,25
V1799sgRNA.raw,1,25
V2377sgRNA.raw,1,25
V1075.xsgRNA.raw,1,25
V1748sgRNA.raw,1,25
p6dimer.Hbond.stackingraw,1,25
V619.ysgRNA.raw,1,25
V375.ysgRNA.raw,1,25
p7trimer.Hbond.stackingraw,1,25
V3106sgRNA.raw,1,25
V709.xsgRNA.raw,1,25
V1057.ysgRNA.raw,1,25
V2550sgRNA.raw,1,25
V2423sgRNA.raw,1,25
V484.xsgRNA.raw,1,25
V2126sgRNA.raw,1,25
V262sgRNA.raw,1,25
V1074.xsgRNA.raw,1,25
V143.xsgRNA.raw,1,25
V1072.xsgRNA.raw,1,25
V386.xsgRNA.raw,1,25
V1916sgRNA.raw,1,25
V4161sgRNA.raw,1,25
V3097sgRNA.raw,1,25
V2805sgRNA.raw,1,25
V390.ysgRNA.raw,1,25
V24.x.xsgRNA.raw,1,25
V3201sgRNA.raw,1,25
V1223sgRNA.raw,1,25
V56.ysgRNA.raw,1,25
V4078sgRNA.raw,1,25
V2.xsgRNA.raw,1,25
p13dimer.Hbond.stackingraw,1,25
V562.ysgRNA.raw,1,25
V7.x.xsgRNA.raw,1,25
V4247sgRNA.raw,1,25
V850.xsgRNA.raw,1,25
V2752sgRNA.raw,1,25
V285.ysgRNA.raw,1,25
V30.x.xsgRNA.raw,1,25
V22.ysgRNA.raw,1,25
p11dimer.HLgap.eVEraw,1,25
V665.xsgRNA.raw,1,25
V1215sgRNA.raw,1,25
V405.xsgRNA.raw,1,25
V2978sgRNA.raw,1,25
V1736sgRNA.raw,1,25
V3397sgRNA.raw,1,25
V903.xsgRNA.raw,1,25
V303.ysgRNA.raw,1,25
V274.ysgRNA.raw,1,25
V580.xsgRNA.raw,1,25
V3215sgRNA.raw,1,25
V257.ysgRNA.raw,1,25
V2615sgRNA.raw,1,25
V39.y.ysgRNA.raw,1,25
V2379sgRNA.raw,1,25
V2747sgRNA.raw,1,25
V27.x.xsgRNA.raw,1,25
V832.ysgRNA.raw,1,25
V2315sgRNA.raw,1,25
V3851sgRNA.raw,1,25
V1391sgRNA.raw,1,25
V517.xsgRNA.raw,1,25
V2813sgRNA.raw,1,25
V2879sgRNA.raw,1,25
V49.xsgRNA.raw,1,25
V45.y.ysgRNA.raw,1,25
V1084.ysgRNA.raw,1,25
V209.ysgRNA.raw,1,25
V499.ysgRNA.raw,1,25
p6dimer.HLgap.eVEraw,1,25
V937.xsgRNA.raw,1,25
V43.xsgRNA.raw,1,25
V225.xsgRNA.raw,1,25
V1196sgRNA.raw,1,25
V1343sgRNA.raw,1,25
V770.ysgRNA.raw,1,25
V84.ysgRNA.raw,1,25
V64.y.ysgRNA.raw,1,25
V575.ysgRNA.raw,1,25
V920.ysgRNA.raw,1,25
V720.xsgRNA.raw,1,25
V185.ysgRNA.raw,1,25
V493.ysgRNA.raw,1,25
V3207sgRNA.raw,1,25
V1794sgRNA.raw,1,25
V1017.ysgRNA.raw,1,25
V1164sgRNA.raw,1,25
V307sgRNA.raw,1,25
V2477sgRNA.raw,1,25
V2849sgRNA.raw,1,25
V1976sgRNA.raw,1,25
V718.xsgRNA.raw,1,25
V341.xsgRNA.raw,1,25
V218.xsgRNA.raw,1,25
V62.ysgRNA.raw,1,25
V3327sgRNA.raw,1,25
V970.ysgRNA.raw,1,25
V777.xsgRNA.raw,1,25
V1676sgRNA.raw,1,25
V1002.xsgRNA.raw,1,25
V3887sgRNA.raw,1,25
V618.xsgRNA.raw,1,25
V3180sgRNA.raw,1,25
V37.ysgRNA.raw,1,25
V3452sgRNA.raw,1,25
V171.ysgRNA.raw,1,25
V28.ysgRNA.raw,1,25
V2476sgRNA.raw,1,25
V2556sgRNA.raw,1,25
V841.xsgRNA.raw,1,25
V591.ysgRNA.raw,1,25
V1154sgRNA.raw,1,25
V1356sgRNA.raw,1,25
V1761sgRNA.raw,1,25
V1913sgRNA.raw,1,25
V1008.ysgRNA.raw,1,25
p11trimer.Hlgap.eVEraw,1,25
V4183sgRNA.raw,1,25
V2614sgRNA.raw,1,25
V393.xsgRNA.raw,1,25
V836.xsgRNA.raw,1,25
V1111.xsgRNA.raw,1,25
V1086.xsgRNA.raw,1,25
V556.xsgRNA.raw,1,25
V126.xsgRNA.raw,1,25
V152.ysgRNA.raw,1,25
V2983sgRNA.raw,1,25
V103.ysgRNA.raw,1,25
V477.ysgRNA.raw,1,25
V318.ysgRNA.raw,1,25
V70.xsgRNA.raw,1,25
V579.ysgRNA.raw,1,25
V3388sgRNA.raw,1,25
V2569sgRNA.raw,1,25
V580.ysgRNA.raw,1,25
p12monomer.HLgap.eVraw,1,25
V4331sgRNA.raw,1,25
V8.xsgRNA.raw,1,25
V905.xsgRNA.raw,1,25
V1025.xsgRNA.raw,1,25
p6monomer.HLgap.eVraw,1,25
V1186sgRNA.raw,1,25
V251.ysgRNA.raw,1,25
V914.xsgRNA.raw,1,25
p12monomer.No.electronsraw,1,25
p10trimer.Hlgap.eVEraw,1,25
V2535sgRNA.raw,1,25
V1011.xsgRNA.raw,1,25
V439.xsgRNA.raw,1,25
V508.xsgRNA.raw,1,25
V78.ysgRNA.raw,1,25
V1730sgRNA.raw,1,25
V2901sgRNA.raw,1,25
V1375sgRNA.raw,1,25
V2673sgRNA.raw,1,25
p3trimer.Hbond.stackingraw,1,25
V1068.ysgRNA.raw,1,25
V1152.xsgRNA.raw,1,25
V1027.xsgRNA.raw,1,25
V3368sgRNA.raw,1,25
p10dimer.HLgap.eVEraw,1,25
V187sgRNA.raw,1,25
V3721sgRNA.raw,1,25
V1517sgRNA.raw,1,25
V3542sgRNA.raw,1,25
V82.xsgRNA.raw,1,25
V360.xsgRNA.raw,1,25
V1629sgRNA.raw,1,25
V958.xsgRNA.raw,1,25
V4199sgRNA.raw,1,25
V890.ysgRNA.raw,1,25
V302sgRNA.raw,1,25
V3331sgRNA.raw,1,25
V2515sgRNA.raw,1,25
V2691sgRNA.raw,1,25
V2503sgRNA.raw,1,25
V864.xsgRNA.raw,1,25
V3694sgRNA.raw,1,25
V29.x.xsgRNA.raw,1,25
V741.ysgRNA.raw,1,25
V1729sgRNA.raw,1,25
V38.x.xsgRNA.raw,1,25
V1835sgRNA.raw,1,25
V252.xsgRNA.raw,1,25
V3332sgRNA.raw,1,25
V969.ysgRNA.raw,1,25
V2271sgRNA.raw,1,25
V808.xsgRNA.raw,1,25
V284sgRNA.raw,1,25
V1526sgRNA.raw,1,25
V4154sgRNA.raw,1,25
V346.xsgRNA.raw,1,25
V172.ysgRNA.raw,1,25
V353.ysgRNA.raw,1,25
V135.xsgRNA.raw,1,25
V2812sgRNA.raw,1,25
V2563sgRNA.raw,1,25
V127.ysgRNA.raw,1,25
V1944sgRNA.raw,1,25
V166.xsgRNA.raw,1,25
V1945sgRNA.raw,1,25
V768.xsgRNA.raw,1,25
V94.ysgRNA.raw,1,25
V290sgRNA.raw,1,25
V374.xsgRNA.raw,1,25
V3882sgRNA.raw,1,25
V3490sgRNA.raw,1,25
V1359sgRNA.raw,1,25
V1061.xsgRNA.raw,1,25
V1007.xsgRNA.raw,1,25
V278.ysgRNA.raw,1,25
V1671sgRNA.raw,1,25
V1022.ysgRNA.raw,1,25
V308.ysgRNA.raw,1,25
V1096.xsgRNA.raw,1,25
V660.ysgRNA.raw,1,25
V3735sgRNA.raw,1,25
p7monomer.HLgap.eVraw,1,25
V959.xsgRNA.raw,1,25
V2776sgRNA.raw,1,25
V710.xsgRNA.raw,1,25
V3293sgRNA.raw,1,25
V824.ysgRNA.raw,1,25
V876.ysgRNA.raw,1,25
V81sgRNA.raw,1,25
V2261sgRNA.raw,1,25
V623.ysgRNA.raw,1,25
V682.ysgRNA.raw,1,25
V1811sgRNA.raw,1,25
V3169sgRNA.raw,1,25
V651.xsgRNA.raw,1,25
V3969sgRNA.raw,1,25
V132sgRNA.raw,1,25
V1030.xsgRNA.raw,1,25
V2105sgRNA.raw,1,25
V63.y.ysgRNA.raw,1,25
V186.ysgRNA.raw,1,25
V1099.ysgRNA.raw,1,25
V21.ysgRNA.raw,1,25
V219.xsgRNA.raw,1,25
V9.xsgRNA.raw,1,25
V1004.xsgRNA.raw,1,25
V657.xsgRNA.raw,1,25
V1052.xsgRNA.raw,1,25
V1073.xsgRNA.raw,1,25
p8trimer.Hlgap.eVEraw,1,25
V663.xsgRNA.raw,1,25
V4277sgRNA.raw,1,25
p11tetramer.Hlgap.eVEraw,1,25
V1260sgRNA.raw,1,25
V190sgRNA.raw,1,25
V606.xsgRNA.raw,1,25
V1144.ysgRNA.raw,1,25
V4169sgRNA.raw,1,25
V729.xsgRNA.raw,1,25
V2230sgRNA.raw,1,25
V10.xsgRNA.raw,1,25
V39.ysgRNA.raw,1,25
V981.ysgRNA.raw,1,25
V151.xsgRNA.raw,1,25
V416.xsgRNA.raw,1,25
V1105.xsgRNA.raw,1,25
V4001sgRNA.raw,1,25
V298sgRNA.raw,1,25
V956.ysgRNA.raw,1,25
V934.xsgRNA.raw,1,25
V2909sgRNA.raw,1,25
V1017.xsgRNA.raw,1,25
V3179sgRNA.raw,1,25
V421.xsgRNA.raw,1,25
V2231sgRNA.raw,1,25
V166sgRNA.raw,1,25
V4323sgRNA.raw,1,25
V5.ysgRNA.raw,1,25
V889.xsgRNA.raw,1,25
V1080.ysgRNA.raw,1,25
V649.ysgRNA.raw,1,25
V238.ysgRNA.raw,1,25
V635.xsgRNA.raw,1,25
V336.xsgRNA.raw,1,25
p3dimer.Hbond.energyraw,1,25
V548.ysgRNA.raw,1,25
V3468sgRNA.raw,1,25
V194.xsgRNA.raw,1,25
V86sgRNA.raw,1,25
V2183sgRNA.raw,1,25
V314.ysgRNA.raw,1,25
V950.xsgRNA.raw,1,25
V1399sgRNA.raw,1,25
V834.ysgRNA.raw,1,25
V158.ysgRNA.raw,1,25
V34.y.ysgRNA.raw,1,25
V224.ysgRNA.raw,1,25
V111.xsgRNA.raw,1,25
V188.ysgRNA.raw,1,25
V971.ysgRNA.raw,1,25
V762.xsgRNA.raw,1,25
V4044sgRNA.raw,1,25
V582.xsgRNA.raw,1,25
V3068sgRNA.raw,1,25
V1451sgRNA.raw,1,25
V225.ysgRNA.raw,1,25
p11dimer.Hbond.energyraw,1,25
V4141sgRNA.raw,1,25
V1070.ysgRNA.raw,1,25
V3032sgRNA.raw,1,25
V84.xsgRNA.raw,1,25
V627.ysgRNA.raw,1,25
V4228sgRNA.raw,1,25
V3805sgRNA.raw,1,25
V297.ysgRNA.raw,1,25
V119.xsgRNA.raw,1,25
V964.ysgRNA.raw,1,25
V216.xsgRNA.raw,1,25
V1126.ysgRNA.raw,1,25
V4311sgRNA.raw,1,25
V595.xsgRNA.raw,1,25
V4101sgRNA.raw,1,25
V3195sgRNA.raw,1,25
V91.xsgRNA.raw,1,25
V48.ysgRNA.raw,1,25
V132.xsgRNA.raw,1,25
V2828sgRNA.raw,1,25
V33.xsgRNA.raw,1,25
V556.ysgRNA.raw,1,25
V235.ysgRNA.raw,1,25
V1207sgRNA.raw,1,25
V286.ysgRNA.raw,1,25
V605.xsgRNA.raw,1,25
V2591sgRNA.raw,1,25
V1142.xsgRNA.raw,1,25
V3898sgRNA.raw,1,25
p9basepair.Hbond.energyraw,1,25
V758.ysgRNA.raw,1,25
V2283sgRNA.raw,1,25
p10trimer.Hbond.energyraw,1,25
V3407sgRNA.raw,1,25
V2411sgRNA.raw,1,25
V4022sgRNA.raw,1,25
V89.xsgRNA.raw,1,25
V48.x.xsgRNA.raw,1,25
p17tetramer.Hlgap.eVEraw,1,25
V1401sgRNA.raw,1,25
V4075sgRNA.raw,1,25
p4dimer.Hbond.stackingraw,1,25
V418.ysgRNA.raw,1,25
V327.xsgRNA.raw,1,25
V2236sgRNA.raw,1,25
V873.xsgRNA.raw,1,25
V908.ysgRNA.raw,1,25
V3131sgRNA.raw,1,25
p7basepair.Hlgap.eVEraw,1,25
V572.xsgRNA.raw,1,25
V157sgRNA.raw,1,25
p6trimer.Hbond.stackingraw,1,25
V3835sgRNA.raw,1,25
V791.xsgRNA.raw,1,25
V832.xsgRNA.raw,1,25
V1170sgRNA.raw,1,25
V3873sgRNA.raw,1,25
V728.ysgRNA.raw,1,25
p13tetramer.Hlgap.eVEraw,1,25
V3963sgRNA.raw,1,25
V2890sgRNA.raw,1,25
V159sgRNA.raw,1,25
V425.xsgRNA.raw,1,25
V245.ysgRNA.raw,1,25
V3039sgRNA.raw,1,25
V458.xsgRNA.raw,1,25
V648.xsgRNA.raw,1,25
V4076sgRNA.raw,1,25
V289.xsgRNA.raw,1,25
V1291sgRNA.raw,1,25
V2761sgRNA.raw,1,25
V313.ysgRNA.raw,1,25
V1477sgRNA.raw,1,25
V373.xsgRNA.raw,1,25
V232.xsgRNA.raw,1,25
V1703sgRNA.raw,1,25
V1751sgRNA.raw,1,25
V3495sgRNA.raw,1,25
V828.xsgRNA.raw,1,25
V796.xsgRNA.raw,1,25
V3540sgRNA.raw,1,25
V554.ysgRNA.raw,1,25
V1388sgRNA.raw,1,25
V3308sgRNA.raw,1,25
p6dimer.Hbond.energyraw,1,25
V2756sgRNA.raw,1,25
V15.ysgRNA.raw,1,25
V3051sgRNA.raw,1,25
V509.xsgRNA.raw,1,25
V3043sgRNA.raw,1,25
V3714sgRNA.raw,1,25
V3035sgRNA.raw,1,25
V3864sgRNA.raw,1,25
V3565sgRNA.raw,1,25
V265.ysgRNA.raw,1,25
V206.xsgRNA.raw,1,25
V386.ysgRNA.raw,1,25
V923.xsgRNA.raw,1,25
V456.xsgRNA.raw,1,25
V136.xsgRNA.raw,1,25
V3584sgRNA.raw,1,25
